store_name,2023-08,2023-09,2023-10,2023-11,2023-12,2024-01,2024-02,2024-03,2024-04,2024-05,2024-06,2024-07,2024-08,2024-09,2024-10,2024-11,2024-12,2025-01,2025-02,2025-03,2025-04,2025-05,2025-06,2025-07,2025-08
GreenGrocer Plaza,693.1,247.61999999999998,487.32,640.8599999999999,360.53,393.79,297.53999999999996,398.94999999999993,319.02,358.56,302.21999999999997,343.89,741.0,211.14,415.78000000000003,654.5400000000001,482.11000000000007,314.2900000000001,389.37000000000006,217.57,312.88,505.24,477.49999999999994,315.94,0.0
SuperSave Central,51.51,133.74,775.7599999999999,511.78999999999996,186.42000000000004,208.32,568.9499999999999,520.51,606.4699999999998,604.24,251.38000000000005,312.12,329.0,570.9300000000001,344.50000000000006,390.12,420.44999999999993,462.5,455.44,698.4200000000001,560.5600000000001,287.25999999999993,353.33000000000004,164.44,91.73
City Fresh Store,441.09000000000003,532.38,554.1800000000001,442.76,440.28999999999996,271.58,452.43,329.58000000000004,285.01000000000005,376.78,273.01,145.04,451.1300000000001,286.01000000000005,524.89,100.45,560.3100000000001,447.09000000000003,508.89,617.9899999999999,468.98,474.2699999999999,379.84999999999997,369.73,54.98
MegaMart Westside,293.83,412.21,197.79999999999998,385.02,328.78,321.68,157.56999999999996,551.6600000000001,427.56000000000006,643.68,497.91,472.7599999999999,474.26,204.39,400.11,484.99999999999994,443.04999999999995,247.01999999999998,492.26,558.5800000000002,287.49999999999994,219.27000000000004,427.06,300.75,66.08
Corner Grocery,364.64,178.95999999999998,234.19,634.55,430.32000000000005,406.83,273.8,265.01,322.19,376.7,477.23,775.81,188.57,370.16,564.92,616.7599999999999,284.99,650.35,116.89,417.64,601.4100000000001,354.19,129.02,228.04000000000002,22.33
ValuePlus Market,235.88,573.11,175.43000000000004,180.37999999999997,430.52,125.76,353.39,350.15999999999997,234.29999999999995,495.24,270.6,271.22,374.59,294.03999999999996,242.63,346.82,281.12000000000006,630.5400000000001,371.95000000000005,672.3800000000001,557.91,361.63,504.97999999999996,285.82,40.84
FreshMart Downtown,423.27,556.0400000000001,436.3400000000001,75.13000000000001,282.95,324.24999999999994,573.3600000000001,235.62,164.44,332.92,406.68999999999994,350.81,239.76,323.68,441.78,494.22,261.37,142.01,139.72,252.71999999999997,140.73,719.1800000000002,200.10000000000002,612.22,77.56
QuickStop Market,179.59,138.26,289.46,310.87,209.93,255.82000000000002,398.3499999999999,481.46999999999997,240.7,470.08,317.5,396.94000000000005,297.46999999999997,527.66,459.02,442.80000000000007,266.5,324.27,308.34000000000003,629.1300000000001,411.19,110.21000000000001,286.33,431.0,0.0
FamilyFood Express,214.73000000000002,337.95,617.6999999999999,393.76000000000005,222.60999999999999,401.43,411.4699999999999,416.51,343.03,259.13,258.23,545.62,267.65,271.45000000000005,533.73,172.78000000000003,103.12,341.74,192.61,374.64,466.45,102.65,141.88,328.62,0.0
